codigo_factura,ocurrencias
ENCI,7
3227034,2
3140498,2
3140371,2
3125486,2
3149479,2
3131913,2
3140640,2
3126957,2
3131879,2
3141129,2
3141435,2
3137395,2
3110447,2
3141495,2
3118378,2
3221923,2
3121223,2
3226815,2
3140881,2
3156171,2
3141925,2
3128428,2
3177886,2
3137070,2
3116674,2
3156617,2
3159604,2
3141301,2
3108930,2
3137076,2
3131641,2
3139967,2
3108844,2
3132533,2
3139271,2
3141236,2
3126594,2
3148428,2
3123094,2
3118604,2
3120021,2
3221957,2
3141785,2
3131844,2
3112122,2
3141587,2
3136730,2
3101683,2
3114401,2
3142267,2
3141897,2
3135483,2
3141590,2
3184420,2
3141566,2
3215479,2
3117211,2
3129377,2
3182921,2
3141051,2
3153015,2
3227011,2
3225126,2
3142160,2
3141744,2
3140576,2
3136716,2
3221102,2
3136993,2
3135709,2
3142184,2
3141557,2
3141560,2
3140989,2
3141805,2
3182106,2
3140852,2
3124775,2
3141731,2
3135566,2
3141124,2
3141530,2
3141121,2
3169742,2
3143355,2
3140365,2
3183914,2
3138586,2
3142014,2
3101718,2
3142675,2
3127309,2
3113411,2
3138319,2
3227572,2
3121256,2
3176725,2
3142124,2
3166984,2
3166848,2
3227689,2
3141825,2
3155529,2
3141042,2
3124946,2
3140736,2
3113257,2
3141729,2
3107041,2
3107258,2
3141165,2
3123778,2
3137101,2
3140453,2
3143418,2
3108052,2
3136688,2
3143394,2
3142593,2
3141637,2
3116251,2
3140093,2
3139826,2
3141385,2
3142434,2
3143215,2
3139588,2
3142016,2
3144450,2
3114387,2
3131164,2
3155319,2
3142605,2
3141389,2
3122636,2
3138491,2
3141664,2
3118517,2
3140481,2
3171434,2
3141588,2
3135421,2
3182255,2
3225742,2
3155982,2
3113325,2
3108572,2
3144232,2
3127330,2
3182993,2
3148797,2
3133682,2
3183010,2
3155308,2
3130334,2
3143552,2
3128468,2
3141589,2
3143628,2
3119463,2
3129585,2
3119824,2
3164598,2
3122202,2
3158146,2
3166012,2
3123140,2
3139043,2
3142961,2
3227676,2
3100585,2
3135572,2
3126244,2
3153150,2
3137324,2
3137393,2
3110767,2
3214785,2
3141734,2
3129332,2
3129180,2
3142450,2
3182852,2
3136729,2
3129083,2
3178468,2
3137459,2
3136732,2
3146238,2
3137345,2
3174456,2
3141638,2
3144547,2
3126862,2
3133621,2
3141183,2
3140450,2
3137711,2
3107966,2
3145482,2
3100821,2
3128675,2
3141026,2
3226022,2
3136789,2
3150818,2
3181991,2
3136686,2
3100858,2
3182816,2
3132853,2
3213618,2
3130092,2
3142878,2
3141702,2
3141872,2
3178620,2
3141562,2
3140803,2
3142831,2
3138706,2
3138448,2
3135547,2
3114420,2
3105953,2
3164568,2
3183486,2
3183728,2
3141100,2
3117930,2
3221675,2
3140906,2
3104923,2
3138012,2
3129090,2
3141749,2
3121858,2
3141515,2
3142192,2
3178668,2
3116056,2
3141666,2
3161686,2
3152067,2
3149484,2
3159669,2
3144115,2
3114996,2
3110302,2
3141675,2
3140900,2
3112265,2
3155168,2
3105651,2
3130333,2
3169381,2
3137509,2
3140599,2
3117912,2
3104038,2
3120037,2
3141535,2
3126364,2
3141419,2
3133359,2
3141203,2
3143465,2
3182205,2
3156600,2
3141542,2
3137425,2
3136718,2
3131714,2
3166840,2
3149463,2
3142701,2
3117810,2
3183981,2
3115124,2
3135140,2
3140292,2
3133005,2
3227259,2
3141682,2
3130981,2
3100579,2
3140959,2
3142497,2
3110975,2
3163258,2
3120197,2
3135446,2
3142310,2
3153337,2
3110392,2
3141510,2
3184112,2
3129493,2
3124958,2
3142100,2
3222547,2
3140616,2
3134208,2
3102634,2
3134073,2
3139064,2
3151074,2
3220874,2
3104260,2
3141288,2
3140472,2
3121303,2
3138143,2
3141529,2
3141258,2
3140920,2
3116730,2
3135518,2
3103961,2
3138469,2
3139418,2
3184250,2
3154276,2
3141644,2
3149391,2
3137281,2
3133955,2
3124095,2
3135461,2
3116931,2
3124460,2
3137695,2
3141826,2
3133933,2
3137350,2
3140917,2
3153664,2
3128657,2
3164955,2
3141738,2
3133085,2
3136937,2
3136894,2
3181291,2
3140992,2
3141240,2
3131034,2
3142870,2
3140480,2
3113311,2
3164965,2
3143988,2
3146637,2
3134225,2
3147504,2
3123678,2
3116694,2
3161313,2
3142651,2
3141083,2
3141504,2
3174490,2
3108089,2
3165944,2
3124481,2
3141706,2
3155179,2
3180290,2
3141517,2
3139385,2
3120931,2
3127198,2
3227339,2
3183858,2
3101187,2
3123788,2
3141607,2
3161599,2
3104225,2
3113315,2
3163166,2
3133850,2
3178151,2
3136719,2
3123795,2
3147989,2
3141417,2
3134350,2
3114381,2
3119674,2
3142433,2
3168105,2
3142332,2
3141155,2
3140834,2
3140611,2
3141614,2
3129846,2
3182974,2
3213299,2
3141113,2
3184365,2
3154020,2
3180442,2
3183936,2
3176914,2
3102941,2
3108875,2
3141959,2
3130527,2
3137064,2
3116571,2
3139932,2
3171138,2
3108536,2
3107962,2
3140672,2
3109814,2
3136714,2
3141797,2
3180335,2
3168154,2
3214344,2
3141727,2
3219551,2
3142522,2
3139362,2
3140792,2
3182007,2
3141447,2
3141545,2
3141349,2
3140605,2
3164229,2
3142580,2
3138476,2
3138479,2
3110182,2
3141848,2
3221938,2
3140660,2
3106370,2
3140863,2
3221832,2
3117951,2
3142811,2
3171257,2
3139803,2
3146218,2
3155353,2
3140510,2
3140866,2
3139340,2
3140291,2
3161128,2
3141004,2
3143284,2
3172092,2
3143060,2
3137351,2
3217494,2
3142975,2
3118998,2
3142524,2
3153416,2
3131337,2
3108487,2
3138821,2
3115098,2
3141211,2
3181540,2
3181519,2
3112580,2
3130317,2
3150145,2
3184720,2
3143233,2
3133171,2
3138238,2
3140737,2
3104663,2
3169240,2
3125050,2
3141507,2
3140314,2
3122645,2
3162754,2
3141721,2
3137320,2
3113388,2
3107248,2
3133102,2
3138403,2
3141294,2
3117721,2
3171672,2
3182056,2
3137662,2
3168757,2
3141410,2
3112365,2
3222969,2
3128967,2
3123914,2
3120179,2
3128151,2
3184451,2
3141015,2
3163105,2
3182427,2
3146315,2
3109189,2
3157590,2
3167421,2
3158208,2
3148416,2
3122490,2
3141742,2
3151699,2
3226079,2
3107923,2
3225784,2
3104524,2
3164122,2
3140762,2
3140911,2
3124434,2
3155246,2
3117993,2
3104526,2
3134027,2
3133497,2
3139151,2
3140613,2
3213184,2
3125750,2
3136749,2
3136748,2
3141441,2
3181624,2
3109858,2
3138557,2
3142655,2
3126293,2
3142134,2
3106360,2
3137837,2
3164971,2
3108662,2
3140760,2
3147801,2
3134006,2
3114998,2
3122365,2
3184107,2
3136781,2
3176288,2
3182670,2
3119832,2
3100356,2
3163095,2
3142683,2
3183802,2
3168205,2
3182665,2
3137140,2
3141400,2
3133135,2
3136747,2
3132037,2
3100996,2
3116619,2
3143502,2
3176844,2
3141976,2
3137608,2
3140671,2
3141393,2
3142451,2
3140930,2
3143317,2
3142530,2
3106926,2
3136728,2
3142477,2
3168812,2
3127077,2
3123226,2
3136877,2
3142091,2
3215292,2
3213704,2
3184472,2
3108814,2
3140304,2
3154712,2
3123821,2
3141536,2
3183542,2
3166968,2
3179757,2
3181473,2
3182238,2
3176267,2
3141193,2
3137786,2
3126949,2
3110568,2
3139187,2
3108500,2
3178270,2
3140860,2
3141466,2
3140618,2
3156366,2
3165470,2
3136685,2
3124933,2
3177895,2
3142103,2
3126975,2
3140370,2
3133882,2
3141876,2
3108861,2
3143579,2
3142738,2
3136733,2
3127954,2
3128497,2
3123380,2
3139378,2
3140851,2
3141755,2
3128745,2
3137602,2
3146230,2
3141850,2
3140910,2
3129272,2
3182296,2
3144355,2
3123831,2
3176676,2
3105842,2
3155061,2
3119847,2
3118693,2
3164237,2
3108719,2
3141228,2
3117958,2
3141513,2
3108530,2
3222949,2
3171391,2
3142997,2
3184001,2
3129308,2
3136745,2
3149274,2
3141075,2
3131860,2
3141457,2
3160204,2
3137168,2
3137171,2
3141046,2
3139176,2
3113256,2
3143095,2
3171888,2
3169254,2
3146223,2
3141054,2
3158094,2
3184111,2
3121866,2
3130129,2
3133706,2
3143532,2
3140918,2
3180262,2
3153255,2
3156690,2
3140750,2
3159641,2
3178949,2
3100342,2
3155301,2
3135467,2
3141077,2
3169523,2
3227722,2
3227605,2
3229527,2
3251320,2
3250441,2
3234627,2
3267468,2
3267366,2
3267328,2
3266226,2
3266103,2
3265889,2
3265325,2
3265267,2
3265082,2
3264950,2
3264341,2
3264275,2
3264204,2
3264122,2
3264095,2
3263577,2
3263744,2
3263681,2
3263660,2
3263039,2
3262193,2
3262175,2
3262167,2
3262166,2
3262122,2
3262077,2
3262201,2
3261568,2
3260753,2
3260643,2
3260509,2
3260478,2
3260283,2
3259531,2
3259494,2
3259427,2
3258412,2
3258379,2
3254906,2
3254613,2
3255441,2
3255439,2
3255438,2
3253640,2
3252838,2
3252827,2
3251311,2
3251302,2
3251300,2
3250455,2
3250453,2
3250443,2
3250424,2
3250398,2
3250351,2
3250345,2
3250275,2
3250255,2
3250256,2
3249271,2
3249249,2
3249005,2
3248937,2
3248876,2
3248493,2
3248425,2
3248384,2
3248353,2
3248329,2
3248297,2
3248278,2
3248291,2
3248260,2
3247262,2
3246756,2
3246716,2
3246715,2
3246708,2
3246507,2
3245224,2
3245127,2
3245075,2
3245033,2
3245148,2
3244133,2
3244852,2
3244644,2
3244550,2
3244462,2
3244245,2
3244170,2
3243957,2
3243926,2
3243086,2
3242991,2
3242968,2
3243200,2
3242839,2
3242760,2
3242742,2
3242603,2
3241890,2
3241263,2
3241198,2
3240707,2
3228438,2
3228481,2
3228574,2
3228757,2
3228834,2
3268810,2
3238298,2
3229232,2
3238213,2
3229634,2
3269107,2
3229665,2
3237223,2
3237078,2
3229792,2
3236685,2
3229856,2
3236480,2
3236429,2
3236422,2
3229984,2
3236391,2
3268857,2
3230758,2
3233226,2
3231214,2
3231289,2
3231609,2
3232824,2
3232763,2
3268458,2
3267374,2
3268678,2
3269152,2
3269157,2
3268648,2
3268459,2
3268497,2
3268509,2
3268534,2
3268584,2
3268683,2
3269113,2
3268679,2
3268935,2
3268855,2
3268649,2
3304589,2
3304653,2
3301682,2
3302539,2
3301410,2
3303810,2
3302521,2
3300266,2
3296452,2
3305710,2
3306770,2
3302441,2
3305458,2
3305497,2
3303660,2
3305145,2
3307494,2
3304819,2
3305317,2
3307111,2
3304821,2
3305143,2
3306025,2
3304398,2
3306129,2
3305294,2
3306794,2
3305459,2
3307916,2
3308267,2
3308329,2
3304770,2
3306559,2
3304778,2
3307118,2
3304915,2
3307798,2
3304800,2
3300294,2
3304817,2
3306344,2
3305450,2
3305411,2
3301675,2
3301551,2
3301369,2
3304010,2
3302663,2
3303265,2
3306423,2
3306331,2
3305499,2
3305221,2
3305187,2
3305848,2
3307528,2
3304354,2
3305369,2
3305028,2
3306263,2
3305381,2
3300905,2
3303228,2
3306306,2
3305164,2
3305949,2
3306699,2
3305758,2
3304953,2
3306018,2
3295281,2
3305476,2
3304802,2
3305061,2
3304940,2
3305435,2
3305505,2
3305288,2
3307731,2
3305047,2
3306097,2
3305214,2
3306661,2
3305304,2
3306694,2
3305285,2
3304813,2
3305112,2
3304927,2
3304864,2
3303845,2
3306024,2
3306416,2
3305160,2
3305542,2
3305841,2
3304858,2
3306092,2
3305365,2
3305114,2
3306785,2
3305477,2
3304754,2
3308228,2
3305887,2
3305306,2
3304921,2
3305322,2
3305024,2
3304856,2
3305278,2
3305785,2
3305146,2
3305121,2
3306113,2
3304869,2
3337718,2
3334847,2
3328198,2
3338098,2
3333947,2
3339786,2
3330812,2
3311714,2
3336121,2
3337818,2
3336794,2
3336175,2
3315740,2
3321351,2
3326887,2
3336574,2
3335615,2
3335256,2
3334269,2
3339734,2
3308056,2
3340201,2
3337744,2
3336096,2
3335074,2
3327357,2
3323510,2
3339625,2
3340946,2
3338106,2
3336173,2
3326090,2
3333930,2
3315989,2
3330775,2
3321147,2
3336838,2
3321177,2
3314797,2
3333931,2
3315462,2
3321205,2
3336254,2
3339608,2
3336113,2
3307683,2
3333937,2
3323682,2
3312632,2
3326809,2
3325488,2
3337738,2
3326787,2
3329539,2
3338110,2
3322236,2
3315058,2
3318604,2
3315705,2
3319482,2
3312596,2
3332395,2
3335072,2
3315533,2
3313337,2
3311812,2
3328091,2
3332392,2
3316572,2
3313530,2
3323826,2
3314693,2
3330301,2
3323797,2
3310764,2
3335069,2
3329409,2
3313363,2
3330793,2
3311119,2
3323005,2
3308084,2
3317046,2
3322155,2
3325162,2
3327480,2
3337196,2
3317998,2
3336489,2
3335080,2
3329540,2
3340552,2
3336805,2
3330777,2
3332448,2
3333934,2
3315506,2
3312665,2
3318041,2
3316001,2
3309049,2
3316613,2
3313445,2
3340967,2
3327422,2
3312534,2
3330326,2
3325255,2
3337722,2
3333632,2
3332423,2
3313914,2
3331244,2
3332456,2
3321935,2
3308918,2
3331239,2
3309059,2
3336830,2
3323561,2
3311115,2
3316473,2
3322944,2
3319545,2
3328695,2
3329549,2
3310763,2
3313942,2
3322905,2
3313534,2
3320157,2
3340152,2
3334294,2
3311158,2
3321311,2
3331676,2
3313297,2
3333763,2
3325494,2
3313944,2
3321899,2
3317017,2
3309629,2
3307891,2
3321897,2
3317506,2
3319540,2
3313372,2
3336188,2
3339063,2
3315511,2
3310775,2
3330381,2
3314671,2
3314293,2
3333928,2
3314697,2
3332446,2
3334801,2
3314009,2
3325492,2
3325175,2
3341040,2
3335071,2
3311810,2
3334831,2
3332399,2
3313408,2
3318607,2
3315950,2
3329543,2
3320158,2
3330795,2
3328040,2
3320198,2
3320181,2
3315483,2
3338826,2
3308833,2
3335082,2
3316490,2
3326911,2
3322187,2
3309586,2
3311738,2
3308766,2
3334054,2
3330399,2
3321095,2
3336148,2
3311745,2
3318609,2
3313447,2
3329535,2
3310779,2
3333940,2
3319473,2
3333630,2
3322571,2
3322971,2
3309660,2
3314014,2
3307443,2
3326847,2
3325484,2
3325486,2
3322981,2
3323474,2
3329546,2
3313244,2
3328150,2
3335070,2
3314290,2
3322927,2
3325181,2
3333639,2
3335210,2
3328088,2
3334503,2
3308282,2
3332390,2
3307438,2
3312124,2
3336793,2
3311735,2
3332391,2
3322714,2
3319547,2
3331606,2
3333953,2
3340966,2
3324590,2
3325490,2
3340461,2
3319548,2
3317523,2
3322999,2
3340212,2
3333832,2
3317522,2
3334523,2
3333150,2
3321110,2
3335118,2
3337703,2
3318601,2
3316996,2
3308847,2
3308832,2
3316537,2
3321134,2
3317025,2
3323846,2
3340556,2
3333634,2
3340568,2
3339777,2
3331665,2
3322055,2
3323965,2
3311808,2
3319537,2
3323485,2
3319462,2
3309608,2
3331218,2
3322918,2
3334670,2
3312529,2
3333072,2
3307649,2
3315980,2
3328065,2
3338132,2
3335108,2
3333635,2
3323693,2
3340444,2
3326814,2
3321206,2
3321099,2
3338128,2
3323467,2
3313929,2
3313379,2
3315494,2
3336230,2
3319467,2
3323008,2
3333939,2
3315068,2
3332422,2
3318542,2
3329534,2
3336821,2
3308765,2
3337745,2
3311131,2
3340549,2
3337199,2
3311130,2
3309065,2
3332389,2
3329460,2
3325218,2
3313546,2
3309072,2
3329536,2
3341055,2
3337726,2
3326790,2
3331592,2
3307844,2
3333933,2
3314350,2
3337193,2
3323441,2
3309652,2
3312113,2
3337422,2
3334402,2
3329462,2
3311132,2
3318515,2
3318023,2
3322939,2
3341012,2
3330324,2
3326788,2
3340139,2
3333927,2
3338151,2
3317964,2
3316637,2
3315659,2
3315060,2
3310669,2
3332437,2
3330389,2
3329548,2
3311136,2
3316647,2
3311740,2
3320160,2
3326821,2
3329545,2
3312130,2
3328141,2
3333156,2
3316988,2
3315788,2
3308978,2
3311146,2
3325174,2
3339539,2
3323952,2
3323805,2
3337124,2
3336193,2
3326774,2
3308925,2
3315544,2
3334846,2
3311114,2
3312126,2
3313382,2
3320173,2
3322147,2
3331690,2
3335358,2
3332421,2
3341239,2
3322904,2
3317620,2
3333936,2
3328165,2
3315601,2
3313912,2
3313315,2
3323710,2
3335942,2
3310784,2
3317510,2
3339522,2
3322243,2
3309580,2
3311154,2
3326792,2
3337200,2
3322926,2
3323690,2
3313403,2
3333932,2
3315682,2
3337715,2
3314698,2
3340469,2
3318004,2
3335149,2
3313464,2
3323730,2
3332394,2
3316566,2
3309648,2
3313968,2
3322937,2
3319448,2
3321144,2
3312111,2
3318517,2
3321101,2
3325141,2
3325491,2
3328046,2
3316617,2
3341229,2
3335293,2
3326753,2
3333935,2
3339560,2
3333944,2
3337621,2
3323002,2
3319514,2
3315072,2
3338933,2
3323687,2
3316474,2
3335084,2
3325142,2
3324077,2
3332418,2
3315785,2
3309579,2
3307872,2
3317969,2
3313553,2
3321090,2
3325143,2
3337742,2
3333942,2
3328438,2
3340783,2
3311733,2
3308225,2
3308815,2
3330769,2
3315576,2
3318546,2
3333628,2
3315858,2
3309679,2
3317550,2
3314964,2
3329651,2
3318737,2
3337071,2
3341136,2
3336472,2
3341193,2
3335423,2
3334766,2
3334522,2
3335282,2
3334302,2
3335481,2
3334076,2
3338184,2
3334655,2
3334162,2
3335687,2
3335455,2
3335366,2
3335194,2
3337613,2
3335179,2
3336393,2
3335302,2